--- License table
INSERT INTO public.license (code, name) VALUES ('0BSD', 'BSD Zero Clause License');
INSERT INTO public.license (code, name) VALUES ('AAL', 'Attribution Assurance License');
INSERT INTO public.license (code, name) VALUES ('Abstyles', 'Abstyles License');
INSERT INTO public.license (code, name) VALUES ('Adobe-2006', 'Adobe Systems Incorporated Source Code License Agreement');
INSERT INTO public.license (code, name) VALUES ('Adobe-Glyph', 'Adobe Glyph List License');
INSERT INTO public.license (code, name) VALUES ('ADSL', 'Amazon Digital Services License');
INSERT INTO public.license (code, name) VALUES ('AFL-1.1', 'Academic Free License v1.1');
INSERT INTO public.license (code, name) VALUES ('AFL-1.2', 'Academic Free License v1.2');
INSERT INTO public.license (code, name) VALUES ('AFL-2.0', 'Academic Free License v2.0');
INSERT INTO public.license (code, name) VALUES ('AFL-2.1', 'Academic Free License v2.1');
INSERT INTO public.license (code, name) VALUES ('AFL-3.0', 'Academic Free License v3.0');
INSERT INTO public.license (code, name) VALUES ('Afmparse', 'Afmparse License');
INSERT INTO public.license (code, name) VALUES ('AGPL-1.0-only', 'Affero General Public License v1.0 only');
INSERT INTO public.license (code, name) VALUES ('AGPL-1.0-or-later', 'Affero General Public License v1.0 or later');
INSERT INTO public.license (code, name) VALUES ('AGPL-3.0-only', 'GNU Affero General Public License v3.0 only');
INSERT INTO public.license (code, name) VALUES ('AGPL-3.0-or-later', 'GNU Affero General Public License v3.0 or later');
INSERT INTO public.license (code, name) VALUES ('Aladdin', 'Aladdin Free Public License');
INSERT INTO public.license (code, name) VALUES ('AMDPLPA', 'AMD''s plpa_map.c License');
INSERT INTO public.license (code, name) VALUES ('AML', 'Apple MIT License');
INSERT INTO public.license (code, name) VALUES ('AMPAS', 'Academy of Motion Picture Arts and Sciences BSD');
INSERT INTO public.license (code, name) VALUES ('ANTLR-PD', 'ANTLR Software Rights Notice');
INSERT INTO public.license (code, name) VALUES ('ANTLR-PD-fallback', 'ANTLR Software Rights Notice with license fallback');
INSERT INTO public.license (code, name) VALUES ('Apache-1.0', 'Apache License 1.0');
INSERT INTO public.license (code, name) VALUES ('Apache-1.1', 'Apache License 1.1');
INSERT INTO public.license (code, name) VALUES ('Apache-2.0', 'Apache License 2.0');
INSERT INTO public.license (code, name) VALUES ('APAFML', 'Adobe Postscript AFM License');
INSERT INTO public.license (code, name) VALUES ('APL-1.0', 'Adaptive Public License 1.0');
INSERT INTO public.license (code, name) VALUES ('App-s2p', 'App::s2p License');
INSERT INTO public.license (code, name) VALUES ('APSL-1.0', 'Apple Public Source License 1.0');
INSERT INTO public.license (code, name) VALUES ('APSL-1.1', 'Apple Public Source License 1.1');
INSERT INTO public.license (code, name) VALUES ('APSL-1.2', 'Apple Public Source License 1.2');
INSERT INTO public.license (code, name) VALUES ('APSL-2.0', 'Apple Public Source License 2.0');
INSERT INTO public.license (code, name) VALUES ('Arphic-1999', 'Arphic Public License');
INSERT INTO public.license (code, name) VALUES ('Artistic-1.0', 'Artistic License 1.0');
INSERT INTO public.license (code, name) VALUES ('Artistic-1.0-cl8', 'Artistic License 1.0 w/clause 8');
INSERT INTO public.license (code, name) VALUES ('Artistic-1.0-Perl', 'Artistic License 1.0 (Perl)');
INSERT INTO public.license (code, name) VALUES ('Artistic-2.0', 'Artistic License 2.0');
INSERT INTO public.license (code, name) VALUES ('Baekmuk', 'Baekmuk License');
INSERT INTO public.license (code, name) VALUES ('Bahyph', 'Bahyph License');
INSERT INTO public.license (code, name) VALUES ('Barr', 'Barr License');
INSERT INTO public.license (code, name) VALUES ('Beerware', 'Beerware License');
INSERT INTO public.license (code, name) VALUES ('Bitstream-Vera', 'Bitstream Vera Font License');
INSERT INTO public.license (code, name) VALUES ('BitTorrent-1.0', 'BitTorrent Open Source License v1.0');
INSERT INTO public.license (code, name) VALUES ('BitTorrent-1.1', 'BitTorrent Open Source License v1.1');
INSERT INTO public.license (code, name) VALUES ('blessing', 'SQLite Blessing');
INSERT INTO public.license (code, name) VALUES ('BlueOak-1.0.0', 'Blue Oak Model License 1.0.0');
INSERT INTO public.license (code, name) VALUES ('Borceux', 'Borceux license');
INSERT INTO public.license (code, name) VALUES ('BSD-1-Clause', 'BSD 1-Clause License');
INSERT INTO public.license (code, name) VALUES ('BSD-2-Clause', 'BSD 2-Clause "Simplified" License');
INSERT INTO public.license (code, name) VALUES ('BSD-2-Clause-Patent', 'BSD-2-Clause Plus Patent License');
INSERT INTO public.license (code, name) VALUES ('BSD-2-Clause-Views', 'BSD 2-Clause with views sentence');
INSERT INTO public.license (code, name) VALUES ('BSD-3-Clause', 'BSD 3-Clause "New" or "Revised" License');
INSERT INTO public.license (code, name) VALUES ('BSD-3-Clause-Attribution', 'BSD with attribution');
INSERT INTO public.license (code, name) VALUES ('BSD-3-Clause-Clear', 'BSD 3-Clause Clear License');
INSERT INTO public.license (code, name) VALUES ('BSD-3-Clause-LBNL', 'Lawrence Berkeley National Labs BSD variant license');
INSERT INTO public.license (code, name) VALUES ('BSD-3-Clause-Modification', 'BSD 3-Clause Modification');
INSERT INTO public.license (code, name) VALUES ('BSD-3-Clause-No-Military-License', 'BSD 3-Clause No Military License');
INSERT INTO public.license (code, name) VALUES ('BSD-3-Clause-No-Nuclear-License', 'BSD 3-Clause No Nuclear License');
INSERT INTO public.license (code, name) VALUES ('BSD-3-Clause-No-Nuclear-License-2014', 'BSD 3-Clause No Nuclear License 2014');
INSERT INTO public.license (code, name) VALUES ('BSD-3-Clause-No-Nuclear-Warranty', 'BSD 3-Clause No Nuclear Warranty');
INSERT INTO public.license (code, name) VALUES ('BSD-3-Clause-Open-MPI', 'BSD 3-Clause Open MPI variant');
INSERT INTO public.license (code, name) VALUES ('BSD-4-Clause', 'BSD 4-Clause "Original" or "Old" License');
INSERT INTO public.license (code, name) VALUES ('BSD-4-Clause-Shortened', 'BSD 4 Clause Shortened');
INSERT INTO public.license (code, name) VALUES ('BSD-4-Clause-UC', 'BSD-4-Clause (University of California-Specific)');
INSERT INTO public.license (code, name) VALUES ('BSD-Protection', 'BSD Protection License');
INSERT INTO public.license (code, name) VALUES ('BSD-Source-Code', 'BSD Source Code Attribution');
INSERT INTO public.license (code, name) VALUES ('BSL-1.0', 'Boost Software License 1.0');
INSERT INTO public.license (code, name) VALUES ('BUSL-1.1', 'Business Source License 1.1');
INSERT INTO public.license (code, name) VALUES ('bzip2-1.0.6', 'bzip2 and libbzip2 License v1.0.6');
INSERT INTO public.license (code, name) VALUES ('C-UDA-1.0', 'Computational Use of Data Agreement v1.0');
INSERT INTO public.license (code, name) VALUES ('CAL-1.0', 'Cryptographic Autonomy License 1.0');
INSERT INTO public.license (code, name) VALUES ('CAL-1.0-Combined-Work-Exception', 'Cryptographic Autonomy License 1.0 (Combined Work Exception)');
INSERT INTO public.license (code, name) VALUES ('Caldera', 'Caldera License');
INSERT INTO public.license (code, name) VALUES ('CATOSL-1.1', 'Computer Associates Trusted Open Source License 1.1');
INSERT INTO public.license (code, name) VALUES ('CC-BY-1.0', 'Creative Commons Attribution 1.0 Generic');
INSERT INTO public.license (code, name) VALUES ('CC-BY-2.0', 'Creative Commons Attribution 2.0 Generic');
INSERT INTO public.license (code, name) VALUES ('CC-BY-2.5', 'Creative Commons Attribution 2.5 Generic');
INSERT INTO public.license (code, name) VALUES ('CC-BY-2.5-AU', 'Creative Commons Attribution 2.5 Australia');
INSERT INTO public.license (code, name) VALUES ('CC-BY-3.0', 'Creative Commons Attribution 3.0 Unported');
INSERT INTO public.license (code, name) VALUES ('CC-BY-3.0-AT', 'Creative Commons Attribution 3.0 Austria');
INSERT INTO public.license (code, name) VALUES ('CC-BY-3.0-DE', 'Creative Commons Attribution 3.0 Germany');
INSERT INTO public.license (code, name) VALUES ('CC-BY-3.0-IGO', 'Creative Commons Attribution 3.0 IGO');
INSERT INTO public.license (code, name) VALUES ('CC-BY-3.0-NL', 'Creative Commons Attribution 3.0 Netherlands');
INSERT INTO public.license (code, name) VALUES ('CC-BY-3.0-US', 'Creative Commons Attribution 3.0 United States');
INSERT INTO public.license (code, name) VALUES ('CC-BY-4.0', 'Creative Commons Attribution 4.0 International');
INSERT INTO public.license (code, name) VALUES ('CC-BY-NC-1.0', 'Creative Commons Attribution Non Commercial 1.0 Generic');
INSERT INTO public.license (code, name) VALUES ('CC-BY-NC-2.0', 'Creative Commons Attribution Non Commercial 2.0 Generic');
INSERT INTO public.license (code, name) VALUES ('CC-BY-NC-2.5', 'Creative Commons Attribution Non Commercial 2.5 Generic');
INSERT INTO public.license (code, name) VALUES ('CC-BY-NC-3.0', 'Creative Commons Attribution Non Commercial 3.0 Unported');
INSERT INTO public.license (code, name) VALUES ('CC-BY-NC-3.0-DE', 'Creative Commons Attribution Non Commercial 3.0 Germany');
INSERT INTO public.license (code, name) VALUES ('CC-BY-NC-4.0', 'Creative Commons Attribution Non Commercial 4.0 International');
INSERT INTO public.license (code, name) VALUES ('CC-BY-NC-ND-1.0', 'Creative Commons Attribution Non Commercial No Derivatives 1.0 Generic');
INSERT INTO public.license (code, name) VALUES ('CC-BY-NC-ND-2.0', 'Creative Commons Attribution Non Commercial No Derivatives 2.0 Generic');
INSERT INTO public.license (code, name) VALUES ('CC-BY-NC-ND-2.5', 'Creative Commons Attribution Non Commercial No Derivatives 2.5 Generic');
INSERT INTO public.license (code, name) VALUES ('CC-BY-NC-ND-3.0', 'Creative Commons Attribution Non Commercial No Derivatives 3.0 Unported');
INSERT INTO public.license (code, name) VALUES ('CC-BY-NC-ND-3.0-DE', 'Creative Commons Attribution Non Commercial No Derivatives 3.0 Germany');
INSERT INTO public.license (code, name) VALUES ('CC-BY-NC-ND-3.0-IGO', 'Creative Commons Attribution Non Commercial No Derivatives 3.0 IGO');
INSERT INTO public.license (code, name) VALUES ('CC-BY-NC-ND-4.0', 'Creative Commons Attribution Non Commercial No Derivatives 4.0 International');
INSERT INTO public.license (code, name) VALUES ('CC-BY-NC-SA-1.0', 'Creative Commons Attribution Non Commercial Share Alike 1.0 Generic');
INSERT INTO public.license (code, name) VALUES ('Spencer-86', 'Spencer License 86');
INSERT INTO public.license (code, name) VALUES ('CC-BY-NC-SA-2.0', 'Creative Commons Attribution Non Commercial Share Alike 2.0 Generic');
INSERT INTO public.license (code, name) VALUES ('CC-BY-NC-SA-2.0-FR', 'Creative Commons Attribution-NonCommercial-ShareAlike 2.0 France');
INSERT INTO public.license (code, name) VALUES ('CC-BY-NC-SA-2.0-UK', 'Creative Commons Attribution Non Commercial Share Alike 2.0 England and Wales');
INSERT INTO public.license (code, name) VALUES ('CC-BY-NC-SA-2.5', 'Creative Commons Attribution Non Commercial Share Alike 2.5 Generic');
INSERT INTO public.license (code, name) VALUES ('CC-BY-NC-SA-3.0', 'Creative Commons Attribution Non Commercial Share Alike 3.0 Unported');
INSERT INTO public.license (code, name) VALUES ('CC-BY-NC-SA-3.0-DE', 'Creative Commons Attribution Non Commercial Share Alike 3.0 Germany');
INSERT INTO public.license (code, name) VALUES ('CC-BY-NC-SA-3.0-IGO', 'Creative Commons Attribution Non Commercial Share Alike 3.0 IGO');
INSERT INTO public.license (code, name) VALUES ('CC-BY-NC-SA-4.0', 'Creative Commons Attribution Non Commercial Share Alike 4.0 International');
INSERT INTO public.license (code, name) VALUES ('CC-BY-ND-1.0', 'Creative Commons Attribution No Derivatives 1.0 Generic');
INSERT INTO public.license (code, name) VALUES ('CC-BY-ND-2.0', 'Creative Commons Attribution No Derivatives 2.0 Generic');
INSERT INTO public.license (code, name) VALUES ('CC-BY-ND-2.5', 'Creative Commons Attribution No Derivatives 2.5 Generic');
INSERT INTO public.license (code, name) VALUES ('CC-BY-ND-3.0', 'Creative Commons Attribution No Derivatives 3.0 Unported');
INSERT INTO public.license (code, name) VALUES ('CC-BY-ND-3.0-DE', 'Creative Commons Attribution No Derivatives 3.0 Germany');
INSERT INTO public.license (code, name) VALUES ('CC-BY-ND-4.0', 'Creative Commons Attribution No Derivatives 4.0 International');
INSERT INTO public.license (code, name) VALUES ('CC-BY-SA-1.0', 'Creative Commons Attribution Share Alike 1.0 Generic');
INSERT INTO public.license (code, name) VALUES ('CC-BY-SA-2.0', 'Creative Commons Attribution Share Alike 2.0 Generic');
INSERT INTO public.license (code, name) VALUES ('CC-BY-SA-2.0-UK', 'Creative Commons Attribution Share Alike 2.0 England and Wales');
INSERT INTO public.license (code, name) VALUES ('CC-BY-SA-2.1-JP', 'Creative Commons Attribution Share Alike 2.1 Japan');
INSERT INTO public.license (code, name) VALUES ('CC-BY-SA-2.5', 'Creative Commons Attribution Share Alike 2.5 Generic');
INSERT INTO public.license (code, name) VALUES ('CC-BY-SA-3.0', 'Creative Commons Attribution Share Alike 3.0 Unported');
INSERT INTO public.license (code, name) VALUES ('CC-BY-SA-3.0-AT', 'Creative Commons Attribution Share Alike 3.0 Austria');
INSERT INTO public.license (code, name) VALUES ('CC-BY-SA-3.0-DE', 'Creative Commons Attribution Share Alike 3.0 Germany');
INSERT INTO public.license (code, name) VALUES ('CC-BY-SA-4.0', 'Creative Commons Attribution Share Alike 4.0 International');
INSERT INTO public.license (code, name) VALUES ('CC-PDDC', 'Creative Commons Public Domain Dedication and Certification');
INSERT INTO public.license (code, name) VALUES ('CC0-1.0', 'Creative Commons Zero v1.0 Universal');
INSERT INTO public.license (code, name) VALUES ('CDDL-1.0', 'Common Development and Distribution License 1.0');
INSERT INTO public.license (code, name) VALUES ('CDDL-1.1', 'Common Development and Distribution License 1.1');
INSERT INTO public.license (code, name) VALUES ('CDL-1.0', 'Common Documentation License 1.0');
INSERT INTO public.license (code, name) VALUES ('CDLA-Permissive-1.0', 'Community Data License Agreement Permissive 1.0');
INSERT INTO public.license (code, name) VALUES ('CDLA-Permissive-2.0', 'Community Data License Agreement Permissive 2.0');
INSERT INTO public.license (code, name) VALUES ('CDLA-Sharing-1.0', 'Community Data License Agreement Sharing 1.0');
INSERT INTO public.license (code, name) VALUES ('CECILL-1.0', 'CeCILL Free Software License Agreement v1.0');
INSERT INTO public.license (code, name) VALUES ('CECILL-1.1', 'CeCILL Free Software License Agreement v1.1');
INSERT INTO public.license (code, name) VALUES ('CECILL-2.0', 'CeCILL Free Software License Agreement v2.0');
INSERT INTO public.license (code, name) VALUES ('CECILL-2.1', 'CeCILL Free Software License Agreement v2.1');
INSERT INTO public.license (code, name) VALUES ('CECILL-B', 'CeCILL-B Free Software License Agreement');
INSERT INTO public.license (code, name) VALUES ('CECILL-C', 'CeCILL-C Free Software License Agreement');
INSERT INTO public.license (code, name) VALUES ('CERN-OHL-1.1', 'CERN Open Hardware Licence v1.1');
INSERT INTO public.license (code, name) VALUES ('CERN-OHL-1.2', 'CERN Open Hardware Licence v1.2');
INSERT INTO public.license (code, name) VALUES ('CERN-OHL-P-2.0', 'CERN Open Hardware Licence Version 2 - Permissive');
INSERT INTO public.license (code, name) VALUES ('CERN-OHL-S-2.0', 'CERN Open Hardware Licence Version 2 - Strongly Reciprocal');
INSERT INTO public.license (code, name) VALUES ('CERN-OHL-W-2.0', 'CERN Open Hardware Licence Version 2 - Weakly Reciprocal');
INSERT INTO public.license (code, name) VALUES ('checkmk', 'Checkmk License');
INSERT INTO public.license (code, name) VALUES ('ClArtistic', 'Clarified Artistic License');
INSERT INTO public.license (code, name) VALUES ('CNRI-Jython', 'CNRI Jython License');
INSERT INTO public.license (code, name) VALUES ('CNRI-Python', 'CNRI Python License');
INSERT INTO public.license (code, name) VALUES ('CNRI-Python-GPL-Compatible', 'CNRI Python Open Source GPL Compatible License Agreement');
INSERT INTO public.license (code, name) VALUES ('COIL-1.0', 'Copyfree Open Innovation License');
INSERT INTO public.license (code, name) VALUES ('Community-Spec-1.0', 'Community Specification License 1.0');
INSERT INTO public.license (code, name) VALUES ('Condor-1.1', 'Condor Public License v1.1');
INSERT INTO public.license (code, name) VALUES ('copyleft-next-0.3.0', 'copyleft-next 0.3.0');
INSERT INTO public.license (code, name) VALUES ('copyleft-next-0.3.1', 'copyleft-next 0.3.1');
INSERT INTO public.license (code, name) VALUES ('CPAL-1.0', 'Common Public Attribution License 1.0');
INSERT INTO public.license (code, name) VALUES ('CPL-1.0', 'Common Public License 1.0');
INSERT INTO public.license (code, name) VALUES ('CPOL-1.02', 'Code Project Open License 1.02');
INSERT INTO public.license (code, name) VALUES ('Crossword', 'Crossword License');
INSERT INTO public.license (code, name) VALUES ('CrystalStacker', 'CrystalStacker License');
INSERT INTO public.license (code, name) VALUES ('CUA-OPL-1.0', 'CUA Office Public License v1.0');
INSERT INTO public.license (code, name) VALUES ('Cube', 'Cube License');
INSERT INTO public.license (code, name) VALUES ('curl', 'curl License');
INSERT INTO public.license (code, name) VALUES ('D-FSL-1.0', 'Deutsche Freie Software Lizenz');
INSERT INTO public.license (code, name) VALUES ('diffmark', 'diffmark license');
INSERT INTO public.license (code, name) VALUES ('DL-DE-BY-2.0', 'Data licence Germany – attribution – version 2.0');
INSERT INTO public.license (code, name) VALUES ('DOC', 'DOC License');
INSERT INTO public.license (code, name) VALUES ('Dotseqn', 'Dotseqn License');
INSERT INTO public.license (code, name) VALUES ('DRL-1.0', 'Detection Rule License 1.0');
INSERT INTO public.license (code, name) VALUES ('DSDP', 'DSDP License');
INSERT INTO public.license (code, name) VALUES ('dvipdfm', 'dvipdfm License');
INSERT INTO public.license (code, name) VALUES ('ECL-1.0', 'Educational Community License v1.0');
INSERT INTO public.license (code, name) VALUES ('ECL-2.0', 'Educational Community License v2.0');
INSERT INTO public.license (code, name) VALUES ('EFL-1.0', 'Eiffel Forum License v1.0');
INSERT INTO public.license (code, name) VALUES ('EFL-2.0', 'Eiffel Forum License v2.0');
INSERT INTO public.license (code, name) VALUES ('eGenix', 'eGenix.com Public License 1.1.0');
INSERT INTO public.license (code, name) VALUES ('Elastic-2.0', 'Elastic License 2.0');
INSERT INTO public.license (code, name) VALUES ('Entessa', 'Entessa Public License v1.0');
INSERT INTO public.license (code, name) VALUES ('EPICS', 'EPICS Open License');
INSERT INTO public.license (code, name) VALUES ('EPL-1.0', 'Eclipse Public License 1.0');
INSERT INTO public.license (code, name) VALUES ('EPL-2.0', 'Eclipse Public License 2.0');
INSERT INTO public.license (code, name) VALUES ('ErlPL-1.1', 'Erlang Public License v1.1');
INSERT INTO public.license (code, name) VALUES ('etalab-2.0', 'Etalab Open License 2.0');
INSERT INTO public.license (code, name) VALUES ('EUDatagrid', 'EU DataGrid Software License');
INSERT INTO public.license (code, name) VALUES ('EUPL-1.0', 'European Union Public License 1.0');
INSERT INTO public.license (code, name) VALUES ('EUPL-1.1', 'European Union Public License 1.1');
INSERT INTO public.license (code, name) VALUES ('EUPL-1.2', 'European Union Public License 1.2');
INSERT INTO public.license (code, name) VALUES ('Eurosym', 'Eurosym License');
INSERT INTO public.license (code, name) VALUES ('Fair', 'Fair License');
INSERT INTO public.license (code, name) VALUES ('FDK-AAC', 'Fraunhofer FDK AAC Codec Library');
INSERT INTO public.license (code, name) VALUES ('Frameworx-1.0', 'Frameworx Open License 1.0');
INSERT INTO public.license (code, name) VALUES ('FreeBSD-DOC', 'FreeBSD Documentation License');
INSERT INTO public.license (code, name) VALUES ('FreeImage', 'FreeImage Public License v1.0');
INSERT INTO public.license (code, name) VALUES ('FSFAP', 'FSF All Permissive License');
INSERT INTO public.license (code, name) VALUES ('FSFUL', 'FSF Unlimited License');
INSERT INTO public.license (code, name) VALUES ('FSFULLR', 'FSF Unlimited License (with License Retention)');
INSERT INTO public.license (code, name) VALUES ('FSFULLRWD', 'FSF Unlimited License (With License Retention and Warranty Disclaimer)');
INSERT INTO public.license (code, name) VALUES ('FTL', 'Freetype Project License');
INSERT INTO public.license (code, name) VALUES ('GD', 'GD License');
INSERT INTO public.license (code, name) VALUES ('GFDL-1.1-invariants-only', 'GNU Free Documentation License v1.1 only - invariants');
INSERT INTO public.license (code, name) VALUES ('GFDL-1.1-invariants-or-later', 'GNU Free Documentation License v1.1 or later - invariants');
INSERT INTO public.license (code, name) VALUES ('Spencer-94', 'Spencer License 94');
INSERT INTO public.license (code, name) VALUES ('GFDL-1.1-no-invariants-only', 'GNU Free Documentation License v1.1 only - no invariants');
INSERT INTO public.license (code, name) VALUES ('GFDL-1.1-no-invariants-or-later', 'GNU Free Documentation License v1.1 or later - no invariants');
INSERT INTO public.license (code, name) VALUES ('GFDL-1.1-only', 'GNU Free Documentation License v1.1 only');
INSERT INTO public.license (code, name) VALUES ('GFDL-1.1-or-later', 'GNU Free Documentation License v1.1 or later');
INSERT INTO public.license (code, name) VALUES ('GFDL-1.2-invariants-only', 'GNU Free Documentation License v1.2 only - invariants');
INSERT INTO public.license (code, name) VALUES ('GFDL-1.2-invariants-or-later', 'GNU Free Documentation License v1.2 or later - invariants');
INSERT INTO public.license (code, name) VALUES ('GFDL-1.2-no-invariants-only', 'GNU Free Documentation License v1.2 only - no invariants');
INSERT INTO public.license (code, name) VALUES ('GFDL-1.2-no-invariants-or-later', 'GNU Free Documentation License v1.2 or later - no invariants');
INSERT INTO public.license (code, name) VALUES ('GFDL-1.2-only', 'GNU Free Documentation License v1.2 only');
INSERT INTO public.license (code, name) VALUES ('GFDL-1.2-or-later', 'GNU Free Documentation License v1.2 or later');
INSERT INTO public.license (code, name) VALUES ('GFDL-1.3-invariants-only', 'GNU Free Documentation License v1.3 only - invariants');
INSERT INTO public.license (code, name) VALUES ('GFDL-1.3-invariants-or-later', 'GNU Free Documentation License v1.3 or later - invariants');
INSERT INTO public.license (code, name) VALUES ('GFDL-1.3-no-invariants-only', 'GNU Free Documentation License v1.3 only - no invariants');
INSERT INTO public.license (code, name) VALUES ('GFDL-1.3-no-invariants-or-later', 'GNU Free Documentation License v1.3 or later - no invariants');
INSERT INTO public.license (code, name) VALUES ('GFDL-1.3-only', 'GNU Free Documentation License v1.3 only');
INSERT INTO public.license (code, name) VALUES ('GFDL-1.3-or-later', 'GNU Free Documentation License v1.3 or later');
INSERT INTO public.license (code, name) VALUES ('Giftware', 'Giftware License');
INSERT INTO public.license (code, name) VALUES ('GL2PS', 'GL2PS License');
INSERT INTO public.license (code, name) VALUES ('Glide', '3dfx Glide License');
INSERT INTO public.license (code, name) VALUES ('Glulxe', 'Glulxe License');
INSERT INTO public.license (code, name) VALUES ('GLWTPL', 'Good Luck With That Public License');
INSERT INTO public.license (code, name) VALUES ('gnuplot', 'gnuplot License');
INSERT INTO public.license (code, name) VALUES ('GPL-1.0-only', 'GNU General Public License v1.0 only');
INSERT INTO public.license (code, name) VALUES ('GPL-1.0-or-later', 'GNU General Public License v1.0 or later');
INSERT INTO public.license (code, name) VALUES ('GPL-2.0-only', 'GNU General Public License v2.0 only');
INSERT INTO public.license (code, name) VALUES ('GPL-2.0-or-later', 'GNU General Public License v2.0 or later');
INSERT INTO public.license (code, name) VALUES ('GPL-3.0-only', 'GNU General Public License v3.0 only');
INSERT INTO public.license (code, name) VALUES ('GPL-3.0-or-later', 'GNU General Public License v3.0 or later');
INSERT INTO public.license (code, name) VALUES ('gSOAP-1.3b', 'gSOAP Public License v1.3b');
INSERT INTO public.license (code, name) VALUES ('HaskellReport', 'Haskell Language Report License');
INSERT INTO public.license (code, name) VALUES ('Hippocratic-2.1', 'Hippocratic License 2.1');
INSERT INTO public.license (code, name) VALUES ('HPND', 'Historical Permission Notice and Disclaimer');
INSERT INTO public.license (code, name) VALUES ('HPND-sell-variant', 'Historical Permission Notice and Disclaimer - sell variant');
INSERT INTO public.license (code, name) VALUES ('HTMLTIDY', 'HTML Tidy License');
INSERT INTO public.license (code, name) VALUES ('IBM-pibs', 'IBM PowerPC Initialization and Boot Software');
INSERT INTO public.license (code, name) VALUES ('ICU', 'ICU License');
INSERT INTO public.license (code, name) VALUES ('IJG', 'Independent JPEG Group License');
INSERT INTO public.license (code, name) VALUES ('ImageMagick', 'ImageMagick License');
INSERT INTO public.license (code, name) VALUES ('iMatix', 'iMatix Standard Function Library Agreement');
INSERT INTO public.license (code, name) VALUES ('Imlib2', 'Imlib2 License');
INSERT INTO public.license (code, name) VALUES ('Info-ZIP', 'Info-ZIP License');
INSERT INTO public.license (code, name) VALUES ('Intel', 'Intel Open Source License');
INSERT INTO public.license (code, name) VALUES ('Intel-ACPI', 'Intel ACPI Software License Agreement');
INSERT INTO public.license (code, name) VALUES ('Interbase-1.0', 'Interbase Public License v1.0');
INSERT INTO public.license (code, name) VALUES ('IPA', 'IPA Font License');
INSERT INTO public.license (code, name) VALUES ('IPL-1.0', 'IBM Public License v1.0');
INSERT INTO public.license (code, name) VALUES ('ISC', 'ISC License');
INSERT INTO public.license (code, name) VALUES ('Jam', 'Jam License');
INSERT INTO public.license (code, name) VALUES ('JasPer-2.0', 'JasPer License');
INSERT INTO public.license (code, name) VALUES ('JPNIC', 'Japan Network Information Center License');
INSERT INTO public.license (code, name) VALUES ('JSON', 'JSON License');
INSERT INTO public.license (code, name) VALUES ('Knuth-CTAN', 'Knuth CTAN License');
INSERT INTO public.license (code, name) VALUES ('LAL-1.2', 'Licence Art Libre 1.2');
INSERT INTO public.license (code, name) VALUES ('LAL-1.3', 'Licence Art Libre 1.3');
INSERT INTO public.license (code, name) VALUES ('Latex2e', 'Latex2e License');
INSERT INTO public.license (code, name) VALUES ('Leptonica', 'Leptonica License');
INSERT INTO public.license (code, name) VALUES ('LGPL-2.0-only', 'GNU Library General Public License v2 only');
INSERT INTO public.license (code, name) VALUES ('LGPL-2.0-or-later', 'GNU Library General Public License v2 or later');
INSERT INTO public.license (code, name) VALUES ('LGPL-2.1-only', 'GNU Lesser General Public License v2.1 only');
INSERT INTO public.license (code, name) VALUES ('LGPL-2.1-or-later', 'GNU Lesser General Public License v2.1 or later');
INSERT INTO public.license (code, name) VALUES ('LGPL-3.0-only', 'GNU Lesser General Public License v3.0 only');
INSERT INTO public.license (code, name) VALUES ('LGPL-3.0-or-later', 'GNU Lesser General Public License v3.0 or later');
INSERT INTO public.license (code, name) VALUES ('LGPLLR', 'Lesser General Public License For Linguistic Resources');
INSERT INTO public.license (code, name) VALUES ('Libpng', 'libpng License');
INSERT INTO public.license (code, name) VALUES ('libpng-2.0', 'PNG Reference Library version 2');
INSERT INTO public.license (code, name) VALUES ('libselinux-1.0', 'libselinux public domain notice');
INSERT INTO public.license (code, name) VALUES ('libtiff', 'libtiff License');
INSERT INTO public.license (code, name) VALUES ('libutil-David-Nugent', 'libutil David Nugent License');
INSERT INTO public.license (code, name) VALUES ('LiLiQ-P-1.1', 'Licence Libre du Québec – Permissive version 1.1');
INSERT INTO public.license (code, name) VALUES ('LiLiQ-R-1.1', 'Licence Libre du Québec – Réciprocité version 1.1');
INSERT INTO public.license (code, name) VALUES ('LiLiQ-Rplus-1.1', 'Licence Libre du Québec – Réciprocité forte version 1.1');
INSERT INTO public.license (code, name) VALUES ('Linux-man-pages-copyleft', 'Linux man-pages Copyleft');
INSERT INTO public.license (code, name) VALUES ('Linux-OpenIB', 'Linux Kernel Variant of OpenIB.org license');
INSERT INTO public.license (code, name) VALUES ('LPL-1.0', 'Lucent Public License Version 1.0');
INSERT INTO public.license (code, name) VALUES ('LPL-1.02', 'Lucent Public License v1.02');
INSERT INTO public.license (code, name) VALUES ('LPPL-1.0', 'LaTeX Project Public License v1.0');
INSERT INTO public.license (code, name) VALUES ('LPPL-1.1', 'LaTeX Project Public License v1.1');
INSERT INTO public.license (code, name) VALUES ('LPPL-1.2', 'LaTeX Project Public License v1.2');
INSERT INTO public.license (code, name) VALUES ('LPPL-1.3a', 'LaTeX Project Public License v1.3a');
INSERT INTO public.license (code, name) VALUES ('LPPL-1.3c', 'LaTeX Project Public License v1.3c');
INSERT INTO public.license (code, name) VALUES ('LZMA-SDK-9.11-to-9.20', 'LZMA SDK License (versions 9.11 to 9.20)');
INSERT INTO public.license (code, name) VALUES ('LZMA-SDK-9.22', 'LZMA SDK License (versions 9.22 and beyond)');
INSERT INTO public.license (code, name) VALUES ('MakeIndex', 'MakeIndex License');
INSERT INTO public.license (code, name) VALUES ('Minpack', 'Minpack License');
INSERT INTO public.license (code, name) VALUES ('MirOS', 'The MirOS Licence');
INSERT INTO public.license (code, name) VALUES ('MIT', 'MIT License');
INSERT INTO public.license (code, name) VALUES ('MIT-0', 'MIT No Attribution');
INSERT INTO public.license (code, name) VALUES ('MIT-advertising', 'Enlightenment License (e16)');
INSERT INTO public.license (code, name) VALUES ('MIT-CMU', 'CMU License');
INSERT INTO public.license (code, name) VALUES ('MIT-enna', 'enna License');
INSERT INTO public.license (code, name) VALUES ('MIT-feh', 'feh License');
INSERT INTO public.license (code, name) VALUES ('MIT-Modern-Variant', 'MIT License Modern Variant');
INSERT INTO public.license (code, name) VALUES ('MIT-open-group', 'MIT Open Group variant');
INSERT INTO public.license (code, name) VALUES ('MITNFA', 'MIT +no-false-attribs license');
INSERT INTO public.license (code, name) VALUES ('Motosoto', 'Motosoto License');
INSERT INTO public.license (code, name) VALUES ('mpi-permissive', 'mpi Permissive License');
INSERT INTO public.license (code, name) VALUES ('mpich2', 'mpich2 License');
INSERT INTO public.license (code, name) VALUES ('MPL-1.0', 'Mozilla Public License 1.0');
INSERT INTO public.license (code, name) VALUES ('MPL-1.1', 'Mozilla Public License 1.1');
INSERT INTO public.license (code, name) VALUES ('MPL-2.0', 'Mozilla Public License 2.0');
INSERT INTO public.license (code, name) VALUES ('MPL-2.0-no-copyleft-exception', 'Mozilla Public License 2.0 (no copyleft exception)');
INSERT INTO public.license (code, name) VALUES ('mplus', 'mplus Font License');
INSERT INTO public.license (code, name) VALUES ('MS-LPL', 'Microsoft Limited Public License');
INSERT INTO public.license (code, name) VALUES ('MS-PL', 'Microsoft Public License');
INSERT INTO public.license (code, name) VALUES ('MS-RL', 'Microsoft Reciprocal License');
INSERT INTO public.license (code, name) VALUES ('MTLL', 'Matrix Template Library License');
INSERT INTO public.license (code, name) VALUES ('MulanPSL-1.0', 'Mulan Permissive Software License, Version 1');
INSERT INTO public.license (code, name) VALUES ('MulanPSL-2.0', 'Mulan Permissive Software License, Version 2');
INSERT INTO public.license (code, name) VALUES ('Multics', 'Multics License');
INSERT INTO public.license (code, name) VALUES ('Mup', 'Mup License');
INSERT INTO public.license (code, name) VALUES ('NAIST-2003', 'Nara Institute of Science and Technology License (2003)');
INSERT INTO public.license (code, name) VALUES ('NASA-1.3', 'NASA Open Source Agreement 1.3');
INSERT INTO public.license (code, name) VALUES ('Naumen', 'Naumen Public License');
INSERT INTO public.license (code, name) VALUES ('NBPL-1.0', 'Net Boolean Public License v1');
INSERT INTO public.license (code, name) VALUES ('NCGL-UK-2.0', 'Non-Commercial Government Licence');
INSERT INTO public.license (code, name) VALUES ('NCSA', 'University of Illinois/NCSA Open Source License');
INSERT INTO public.license (code, name) VALUES ('Net-SNMP', 'Net-SNMP License');
INSERT INTO public.license (code, name) VALUES ('NetCDF', 'NetCDF license');
INSERT INTO public.license (code, name) VALUES ('Newsletr', 'Newsletr License');
INSERT INTO public.license (code, name) VALUES ('NGPL', 'Nethack General Public License');
INSERT INTO public.license (code, name) VALUES ('NICTA-1.0', 'NICTA Public Software License, Version 1.0');
INSERT INTO public.license (code, name) VALUES ('NIST-PD', 'NIST Public Domain Notice');
INSERT INTO public.license (code, name) VALUES ('NIST-PD-fallback', 'NIST Public Domain Notice with license fallback');
INSERT INTO public.license (code, name) VALUES ('NLOD-1.0', 'Norwegian Licence for Open Government Data (NLOD) 1.0');
INSERT INTO public.license (code, name) VALUES ('NLOD-2.0', 'Norwegian Licence for Open Government Data (NLOD) 2.0');
INSERT INTO public.license (code, name) VALUES ('NLPL', 'No Limit Public License');
INSERT INTO public.license (code, name) VALUES ('Nokia', 'Nokia Open Source License');
INSERT INTO public.license (code, name) VALUES ('NOSL', 'Netizen Open Source License');
INSERT INTO public.license (code, name) VALUES ('Noweb', 'Noweb License');
INSERT INTO public.license (code, name) VALUES ('NPL-1.0', 'Netscape Public License v1.0');
INSERT INTO public.license (code, name) VALUES ('NPL-1.1', 'Netscape Public License v1.1');
INSERT INTO public.license (code, name) VALUES ('NPOSL-3.0', 'Non-Profit Open Software License 3.0');
INSERT INTO public.license (code, name) VALUES ('NRL', 'NRL License');
INSERT INTO public.license (code, name) VALUES ('NTP', 'NTP License');
INSERT INTO public.license (code, name) VALUES ('NTP-0', 'NTP No Attribution');
INSERT INTO public.license (code, name) VALUES ('O-UDA-1.0', 'Open Use of Data Agreement v1.0');
INSERT INTO public.license (code, name) VALUES ('OCCT-PL', 'Open CASCADE Technology Public License');
INSERT INTO public.license (code, name) VALUES ('OCLC-2.0', 'OCLC Research Public License 2.0');
INSERT INTO public.license (code, name) VALUES ('ODbL-1.0', 'Open Data Commons Open Database License v1.0');
INSERT INTO public.license (code, name) VALUES ('ODC-By-1.0', 'Open Data Commons Attribution License v1.0');
INSERT INTO public.license (code, name) VALUES ('OFL-1.0', 'SIL Open Font License 1.0');
INSERT INTO public.license (code, name) VALUES ('OFL-1.0-no-RFN', 'SIL Open Font License 1.0 with no Reserved Font Name');
INSERT INTO public.license (code, name) VALUES ('OFL-1.0-RFN', 'SIL Open Font License 1.0 with Reserved Font Name');
INSERT INTO public.license (code, name) VALUES ('OFL-1.1', 'SIL Open Font License 1.1');
INSERT INTO public.license (code, name) VALUES ('OFL-1.1-no-RFN', 'SIL Open Font License 1.1 with no Reserved Font Name');
INSERT INTO public.license (code, name) VALUES ('OFL-1.1-RFN', 'SIL Open Font License 1.1 with Reserved Font Name');
INSERT INTO public.license (code, name) VALUES ('OGC-1.0', 'OGC Software License, Version 1.0');
INSERT INTO public.license (code, name) VALUES ('OGDL-Taiwan-1.0', 'Taiwan Open Government Data License, version 1.0');
INSERT INTO public.license (code, name) VALUES ('OGL-Canada-2.0', 'Open Government Licence - Canada');
INSERT INTO public.license (code, name) VALUES ('OGL-UK-1.0', 'Open Government Licence v1.0');
INSERT INTO public.license (code, name) VALUES ('OGL-UK-2.0', 'Open Government Licence v2.0');
INSERT INTO public.license (code, name) VALUES ('OGL-UK-3.0', 'Open Government Licence v3.0');
INSERT INTO public.license (code, name) VALUES ('OGTSL', 'Open Group Test Suite License');
INSERT INTO public.license (code, name) VALUES ('OLDAP-1.1', 'Open LDAP Public License v1.1');
INSERT INTO public.license (code, name) VALUES ('OLDAP-1.2', 'Open LDAP Public License v1.2');
INSERT INTO public.license (code, name) VALUES ('OLDAP-1.3', 'Open LDAP Public License v1.3');
INSERT INTO public.license (code, name) VALUES ('OLDAP-1.4', 'Open LDAP Public License v1.4');
INSERT INTO public.license (code, name) VALUES ('OLDAP-2.0', 'Open LDAP Public License v2.0 (or possibly 2.0A and 2.0B)');
INSERT INTO public.license (code, name) VALUES ('OLDAP-2.0.1', 'Open LDAP Public License v2.0.1');
INSERT INTO public.license (code, name) VALUES ('OLDAP-2.1', 'Open LDAP Public License v2.1');
INSERT INTO public.license (code, name) VALUES ('OLDAP-2.2', 'Open LDAP Public License v2.2');
INSERT INTO public.license (code, name) VALUES ('OLDAP-2.2.1', 'Open LDAP Public License v2.2.1');
INSERT INTO public.license (code, name) VALUES ('OLDAP-2.2.2', 'Open LDAP Public License 2.2.2');
INSERT INTO public.license (code, name) VALUES ('OLDAP-2.3', 'Open LDAP Public License v2.3');
INSERT INTO public.license (code, name) VALUES ('OLDAP-2.4', 'Open LDAP Public License v2.4');
INSERT INTO public.license (code, name) VALUES ('OLDAP-2.5', 'Open LDAP Public License v2.5');
INSERT INTO public.license (code, name) VALUES ('OLDAP-2.6', 'Open LDAP Public License v2.6');
INSERT INTO public.license (code, name) VALUES ('OLDAP-2.7', 'Open LDAP Public License v2.7');
INSERT INTO public.license (code, name) VALUES ('OLDAP-2.8', 'Open LDAP Public License v2.8');
INSERT INTO public.license (code, name) VALUES ('OML', 'Open Market License');
INSERT INTO public.license (code, name) VALUES ('OpenSSL', 'OpenSSL License');
INSERT INTO public.license (code, name) VALUES ('OPL-1.0', 'Open Public License v1.0');
INSERT INTO public.license (code, name) VALUES ('OPUBL-1.0', 'Open Publication License v1.0');
INSERT INTO public.license (code, name) VALUES ('OSET-PL-2.1', 'OSET Public License version 2.1');
INSERT INTO public.license (code, name) VALUES ('OSL-1.0', 'Open Software License 1.0');
INSERT INTO public.license (code, name) VALUES ('OSL-1.1', 'Open Software License 1.1');
INSERT INTO public.license (code, name) VALUES ('OSL-2.0', 'Open Software License 2.0');
INSERT INTO public.license (code, name) VALUES ('OSL-2.1', 'Open Software License 2.1');
INSERT INTO public.license (code, name) VALUES ('OSL-3.0', 'Open Software License 3.0');
INSERT INTO public.license (code, name) VALUES ('Parity-6.0.0', 'The Parity Public License 6.0.0');
INSERT INTO public.license (code, name) VALUES ('Parity-7.0.0', 'The Parity Public License 7.0.0');
INSERT INTO public.license (code, name) VALUES ('PDDL-1.0', 'Open Data Commons Public Domain Dedication & License 1.0');
INSERT INTO public.license (code, name) VALUES ('PHP-3.0', 'PHP License v3.0');
INSERT INTO public.license (code, name) VALUES ('PHP-3.01', 'PHP License v3.01');
INSERT INTO public.license (code, name) VALUES ('Plexus', 'Plexus Classworlds License');
INSERT INTO public.license (code, name) VALUES ('PolyForm-Noncommercial-1.0.0', 'PolyForm Noncommercial License 1.0.0');
INSERT INTO public.license (code, name) VALUES ('PolyForm-Small-Business-1.0.0', 'PolyForm Small Business License 1.0.0');
INSERT INTO public.license (code, name) VALUES ('PostgreSQL', 'PostgreSQL License');
INSERT INTO public.license (code, name) VALUES ('PSF-2.0', 'Python Software Foundation License 2.0');
INSERT INTO public.license (code, name) VALUES ('psfrag', 'psfrag License');
INSERT INTO public.license (code, name) VALUES ('psutils', 'psutils License');
INSERT INTO public.license (code, name) VALUES ('Python-2.0', 'Python License 2.0');
INSERT INTO public.license (code, name) VALUES ('Python-2.0.1', 'Python License 2.0.1');
INSERT INTO public.license (code, name) VALUES ('Qhull', 'Qhull License');
INSERT INTO public.license (code, name) VALUES ('QPL-1.0', 'Q Public License 1.0');
INSERT INTO public.license (code, name) VALUES ('Rdisc', 'Rdisc License');
INSERT INTO public.license (code, name) VALUES ('RHeCos-1.1', 'Red Hat eCos Public License v1.1');
INSERT INTO public.license (code, name) VALUES ('RPL-1.1', 'Reciprocal Public License 1.1');
INSERT INTO public.license (code, name) VALUES ('RPL-1.5', 'Reciprocal Public License 1.5');
INSERT INTO public.license (code, name) VALUES ('RPSL-1.0', 'RealNetworks Public Source License v1.0');
INSERT INTO public.license (code, name) VALUES ('RSA-MD', 'RSA Message-Digest License');
INSERT INTO public.license (code, name) VALUES ('RSCPL', 'Ricoh Source Code Public License');
INSERT INTO public.license (code, name) VALUES ('Ruby', 'Ruby License');
INSERT INTO public.license (code, name) VALUES ('SAX-PD', 'Sax Public Domain Notice');
INSERT INTO public.license (code, name) VALUES ('Saxpath', 'Saxpath License');
INSERT INTO public.license (code, name) VALUES ('SCEA', 'SCEA Shared Source License');
INSERT INTO public.license (code, name) VALUES ('SchemeReport', 'Scheme Language Report License');
INSERT INTO public.license (code, name) VALUES ('Sendmail', 'Sendmail License');
INSERT INTO public.license (code, name) VALUES ('Sendmail-8.23', 'Sendmail License 8.23');
INSERT INTO public.license (code, name) VALUES ('SGI-B-1.0', 'SGI Free Software License B v1.0');
INSERT INTO public.license (code, name) VALUES ('SGI-B-1.1', 'SGI Free Software License B v1.1');
INSERT INTO public.license (code, name) VALUES ('SGI-B-2.0', 'SGI Free Software License B v2.0');
INSERT INTO public.license (code, name) VALUES ('SHL-0.5', 'Solderpad Hardware License v0.5');
INSERT INTO public.license (code, name) VALUES ('SHL-0.51', 'Solderpad Hardware License, Version 0.51');
INSERT INTO public.license (code, name) VALUES ('SimPL-2.0', 'Simple Public License 2.0');
INSERT INTO public.license (code, name) VALUES ('SISSL', 'Sun Industry Standards Source License v1.1');
INSERT INTO public.license (code, name) VALUES ('SISSL-1.2', 'Sun Industry Standards Source License v1.2');
INSERT INTO public.license (code, name) VALUES ('Sleepycat', 'Sleepycat License');
INSERT INTO public.license (code, name) VALUES ('SMLNJ', 'Standard ML of New Jersey License');
INSERT INTO public.license (code, name) VALUES ('SMPPL', 'Secure Messaging Protocol Public License');
INSERT INTO public.license (code, name) VALUES ('SNIA', 'SNIA Public License 1.1');
INSERT INTO public.license (code, name) VALUES ('Spencer-99', 'Spencer License 99');
INSERT INTO public.license (code, name) VALUES ('SPL-1.0', 'Sun Public License v1.0');
INSERT INTO public.license (code, name) VALUES ('SSH-OpenSSH', 'SSH OpenSSH license');
INSERT INTO public.license (code, name) VALUES ('SSH-short', 'SSH short notice');
INSERT INTO public.license (code, name) VALUES ('SSPL-1.0', 'Server Side Public License, v 1');
INSERT INTO public.license (code, name) VALUES ('SugarCRM-1.1.3', 'SugarCRM Public License v1.1.3');
INSERT INTO public.license (code, name) VALUES ('SWL', 'Scheme Widget Library (SWL) Software License Agreement');
INSERT INTO public.license (code, name) VALUES ('TAPR-OHL-1.0', 'TAPR Open Hardware License v1.0');
INSERT INTO public.license (code, name) VALUES ('TCL', 'TCL/TK License');
INSERT INTO public.license (code, name) VALUES ('TCP-wrappers', 'TCP Wrappers License');
INSERT INTO public.license (code, name) VALUES ('TMate', 'TMate Open Source License');
INSERT INTO public.license (code, name) VALUES ('TORQUE-1.1', 'TORQUE v2.5+ Software License v1.1');
INSERT INTO public.license (code, name) VALUES ('TOSL', 'Trusster Open Source License');
INSERT INTO public.license (code, name) VALUES ('TU-Berlin-1.0', 'Technische Universitaet Berlin License 1.0');
INSERT INTO public.license (code, name) VALUES ('TU-Berlin-2.0', 'Technische Universitaet Berlin License 2.0');
INSERT INTO public.license (code, name) VALUES ('UCL-1.0', 'Upstream Compatibility License v1.0');
INSERT INTO public.license (code, name) VALUES ('Unicode-DFS-2015', 'Unicode License Agreement - Data Files and Software (2015)');
INSERT INTO public.license (code, name) VALUES ('Unicode-DFS-2016', 'Unicode License Agreement - Data Files and Software (2016)');
INSERT INTO public.license (code, name) VALUES ('Unicode-TOU', 'Unicode Terms of Use');
INSERT INTO public.license (code, name) VALUES ('Unlicense', 'The Unlicense');
INSERT INTO public.license (code, name) VALUES ('UPL-1.0', 'Universal Permissive License v1.0');
INSERT INTO public.license (code, name) VALUES ('Vim', 'Vim License');
INSERT INTO public.license (code, name) VALUES ('VOSTROM', 'VOSTROM Public License for Open Source');
INSERT INTO public.license (code, name) VALUES ('VSL-1.0', 'Vovida Software License v1.0');
INSERT INTO public.license (code, name) VALUES ('W3C', 'W3C Software Notice and License (2002-12-31)');
INSERT INTO public.license (code, name) VALUES ('W3C-19980720', 'W3C Software Notice and License (1998-07-20)');
INSERT INTO public.license (code, name) VALUES ('W3C-20150513', 'W3C Software Notice and Document License (2015-05-13)');
INSERT INTO public.license (code, name) VALUES ('Watcom-1.0', 'Sybase Open Watcom Public License 1.0');
INSERT INTO public.license (code, name) VALUES ('Wsuipa', 'Wsuipa License');
INSERT INTO public.license (code, name) VALUES ('WTFPL', 'Do What The F*ck You Want To Public License');
INSERT INTO public.license (code, name) VALUES ('X11', 'X11 License');
INSERT INTO public.license (code, name) VALUES ('X11-distribute-modifications-variant', 'X11 License Distribution Modification Variant');
INSERT INTO public.license (code, name) VALUES ('Xerox', 'Xerox License');
INSERT INTO public.license (code, name) VALUES ('XFree86-1.1', 'XFree86 License 1.1');
INSERT INTO public.license (code, name) VALUES ('xinetd', 'xinetd License');
INSERT INTO public.license (code, name) VALUES ('Xnet', 'X.Net License');
INSERT INTO public.license (code, name) VALUES ('xpp', 'XPP License');
INSERT INTO public.license (code, name) VALUES ('XSkat', 'XSkat License');
INSERT INTO public.license (code, name) VALUES ('YPL-1.0', 'Yahoo! Public License v1.0');
INSERT INTO public.license (code, name) VALUES ('YPL-1.1', 'Yahoo! Public License v1.1');
INSERT INTO public.license (code, name) VALUES ('Zed', 'Zed License');
INSERT INTO public.license (code, name) VALUES ('Zend-2.0', 'Zend License v2.0');
INSERT INTO public.license (code, name) VALUES ('Zimbra-1.3', 'Zimbra Public License v1.3');
INSERT INTO public.license (code, name) VALUES ('Zimbra-1.4', 'Zimbra Public License v1.4');
INSERT INTO public.license (code, name) VALUES ('Zlib', 'zlib License');
INSERT INTO public.license (code, name) VALUES ('zlib-acknowledgement', 'zlib/libpng License with Acknowledgement');
INSERT INTO public.license (code, name) VALUES ('ZPL-1.1', 'Zope Public License 1.1');
INSERT INTO public.license (code, name) VALUES ('ZPL-2.0', 'Zope Public License 2.0');
INSERT INTO public.license (code, name) VALUES ('ZPL-2.1', 'Zope Public License 2.1');

--- Developer table (default password - test)
INSERT INTO public.developer (id, username, full_name, password, is_admin, last_entered) VALUES (4, 'Michael', 'Michael Houls', '9f86d081884c7d659a2feaa0c55ad015a3bf4f1b2b0b822cd15d6c15b0f00a08', true, '2023-01-27 16:27:32');
INSERT INTO public.developer (id, username, full_name, password, is_admin, last_entered) VALUES (5, 'Miles', 'Miles Cole', '9f86d081884c7d659a2feaa0c55ad015a3bf4f1b2b0b822cd15d6c15b0f00a08', false, '2021-01-27 16:27:36');
INSERT INTO public.developer (id, username, full_name, password, is_admin, last_entered) VALUES (6, 'James', 'James Trace', '9f86d081884c7d659a2feaa0c55ad015a3bf4f1b2b0b822cd15d6c15b0f00a08', false, '2023-01-25 16:28:08');

--- Application table
INSERT INTO public.application (id, name, short_description, long_description, logo_path, license, developer_id, last_update, downloads, views) VALUES (4, 'Google Chrome', 'Fastes browser', 'It can help you serf Internet', NULL, 'ZPL-2.0', 4, '2023-02-27 16:28:05', 5, 125);
INSERT INTO public.application (id, name, short_description, long_description, logo_path, license, developer_id, last_update, downloads, views) VALUES (5, 'Yandex Browser', 'Be smart', NULL, NULL, 'Artistic-1.0', 5, '2023-01-24 16:35:08', 4, 106);
INSERT INTO public.application (id, name, short_description, long_description, logo_path, license, developer_id, last_update, downloads, views) VALUES (6, 'Firefox', 'Light browser', NULL, NULL, 'Apache-1.0', 6, '2023-01-10 16:35:50', 7, 100);

--- Operating system
INSERT INTO public.operating_system (id, name) VALUES (1, 'Windows 10');
INSERT INTO public.operating_system (id, name) VALUES (2, 'Ubuntu');
INSERT INTO public.operating_system (id, name) VALUES (3, 'Linux Mint');
INSERT INTO public.operating_system (id, name) VALUES (4, 'Debian 11');

--- Image table
INSERT INTO public.image (id, path, application_id) VALUES (1, 'https://www.istockphoto.com/resources/images/PhotoFTLP/P4-JAN-iStock-1432854572.jpg', 4);
INSERT INTO public.image (id, path, application_id) VALUES (2, 'https://pixlr.com/images/index/remove-bg.webp', 5);
INSERT INTO public.image (id, path, application_id) VALUES (3, 'https://images.unsplash.com/photo-1581456495146-65a71b2c8e52?ixlib=rb-4.0.3&ixid=MnwxMjA3fDB8MHxzZWFyY2h8MzF8fHBlcnNvbnxlbnwwfHwwfHw%3D&w=1000&q=80', 6);

--- Installer table
INSERT INTO public.installer (id, application_id, system_id, path, version, size) VALUES (1, 4, 1, 'https://encrypted-tbn0.gstatic.com/images?q=tbn:ANd9GcQonZogo8P2FGNcI284GfTw_sbG7JNU1EZfGnnzYuLYLQ&s', '1.0.0', 456000);
INSERT INTO public.installer (id, application_id, system_id, path, version, size) VALUES (2, 5, 2, 'https://encrypted-tbn0.gstatic.com/images?q=tbn:ANd9GcT6mhocdwskfhs0q2kS0e0vSuBgoSnFOBAhEDVdI2VT&s', '2.0.1', 657567);
INSERT INTO public.installer (id, application_id, system_id, path, version, size) VALUES (3, 6, 1, 'https://encrypted-tbn0.gstatic.com/images?q=tbn:ANd9GcQcq_dOTZh-YeKj9CgTsTXsJUwXMQCY8rp-pmuUma1H&s', '3.0.0', 2174178);